Avellino|IrLUG|Avellino|http://www.irlug.it/|info@irlug.it
Benevento|GLUS|Sant'Agata dei Goti, Airola|http://www.liberarete.it/glus/|izzo.luca@gmail.com
Benevento|PaduLUG|Paduli|http://paduglug.paduli.org/|dylan@paduli.org
Benevento|SannioLug|Benevento e provincia|http://sannioglug.org/|lucapace@sannioglug.org
Caserta|Hackaserta 81100|Caserta|http://www.81100.org/|8-team@81100.org
Napoli|IGLUG|Napoli e provincia|http://www.iglug.org/|info@iglug.org
Napoli|Lug Ischia|Ischia|http://www.lug-ischia.org/|giannicoppa@yahoo.it
Napoli|NaLug|Napoli e provincia|http://www.nalug.net/|info@nalug.net
Napoli|OpenMind|San Giorgio a Cremano|http://www.tavernadelpinguino.org/|info@openmind05.it
Salerno|GuruLug|Sapri|http://gurulug.wordpress.com/|v.celano@gmail.com
Salerno|HCSSLUG|Salerno e provincia|http://www.hcsslug.org/|info@hcsslug.org
