Bergamo|BGLug|Bergamo e provincia|http://bglug.it/|info@bglug.it
Bergamo|BGLug Valle Seriana|Gazzaniga, Valle Seriana|http://bglugvs.web3king.com/|angelo@web3king.com
Bergamo|Linux Club Zogno|Zogno|http://www.linuxzogno.org/|info@linuxzogno.org
Brescia|CiRcOLaB|Brescia|http://www.circolab.net/|circo@circolab.net
Brescia|LugBS|Brescia e provincia|http://lugbs.linux.it/|vips@lugbs.linux.it
Brescia|Lug Castegnato|Castegnato|http://www.kenparker.eu/LugCastegnato/|ken@kenparker.eu
Brescia|Lug Ovest Bresciano|Cologne e Rovato|http://www.lugob.org/|info@lugob.org
Como|GL-Como|Como|http://www.gl-como.it/|deprisco.davide@gmail.com
Crema|Lug Crema|Crema|http://filibusta.crema.unimi.it/|pioniere@gmail.com
Cremona|LugCR|Cremona e provincia|http://www.lugcr.it/|info@lugcr.it
Lecco|GLUX|Lecco e provincia|http://www.lecco.linux.it/|glux@lecco.linux.it
Lodi|LoLug|Lodi e provincia|http://www.lolug.org/|info@lolug.net
Mantova|LugMan|Mantova e provincia|http://www.lugman.net/|fausto.picchi@gmail.com
Milano|LIFOS|Cinisello Balsamo|http://www.lifos.org/|info@lifos.org
Milano|Lug Bocconi|Milano|http://www.lugbocconi.org/|boccolinux@gmail.com
Milano|Lugdico|Milano|http://lugdico.wordpress.com/|andrea.trentini@unimi.it
Milano|OpenLabs|Milano|http://www.openlabs.it/|info@openlabs.it
Milano|POuL|Milano|http://www.poul.org/|info@poul.org
Milano|ViGLug|Vignate|http://viglug.org/|fraph24@gmail.com
Monza|MoBLUG|Monza e Brianza|http://www.bubblesfactory.it/|info@bubblesfactory.it
Pavia|LUGDucale|Vigevano|http://www.lugducale.it/|fulvio.restelli@faswebnet.it
Pavia|TiLug|Pavia e provincia|http://pavia.linux.it/|tilug@lists.linux.it
Varese|GULLP - Gruppo Utenti Linux Lonate Pozzolo|Provincia di Varese sud / Malpensa|http://www.gullp.it/|info@gullp.it
Varese|IspraLUG|Ispra|http://ispralug.eu/|azimout@gmail.com
Varese|LIFO|Varese|http://www.lifolab.org/|info@lifolab.org
Varese|LinuxVar|Provincia di Varese|http://www.linuxvar.it/|info@linuxvar.it
